{
  "threshold": 0.45,
  "val_sharpe": -18.502122792064913,
  "val_metrics": {
    "auc": 0.5694504663453503,
    "precision": 0.4304241435562806,
    "recall": 0.8795293176439215,
    "f1": 0.577990996615516,
    "sharpe": -18.502122792064913,
    "total_pnl": -3.798756380802814,
    "max_drawdown": -3.798964417043389,
    "n_trades": 61300
  },
  "test_metrics": {
    "auc": 0.5638203373387569,
    "precision": 0.42267304494939184,
    "recall": 0.870457139424521,
    "f1": 0.5690359316709209,
    "sharpe": -17.922590303369926,
    "total_pnl": -4.806081423516679,
    "max_drawdown": -4.827954264482297,
    "n_trades": 68566
  },
  "alpha": 0.1,
  "forward_steps": 5,
  "vol_window": 20,
  "tickers": [
    "AAPL",
    "MSFT",
    "NVDA",
    "AMZN",
    "TSLA"
  ],
  "trained_at": "2026-03-01T16:43:29.807912"
}